{
  "project_info": {
    "project_number": "952212548973",
    "project_id": "gotask-project",
    "storage_bucket": "gotask-project.appspot.com"
  },
  "client": [
    {
      "client_info": {
        "mobilesdk_app_id": "1:952212548973:android:2dab53f6fa66c9420afe64",
        "android_client_info": {
          "package_name": "com.kuronekos.gotask"
        }
      },
      "oauth_client": [
        {
          "client_id": "952212548973-sgb8s1b12gna6fm2ch91qh21ka1t2ms8.apps.googleusercontent.com",
          "client_type": 3
        }
      ],
      "api_key": [
        {
          "current_key": "AIzaSyAFrfCJXpVPwdiNmdhhVGlJK8e3CBAKpBk"
        }
      ],
      "services": {
        "appinvite_service": {
          "other_platform_oauth_client": [
            {
              "client_id": "952212548973-sgb8s1b12gna6fm2ch91qh21ka1t2ms8.apps.googleusercontent.com",
              "client_type": 3
            }
          ]
        }
      }
    }
  ],
  "configuration_version": "1"
}